year,temp_mean_mean,temp_mean_min,temp_mean_max,temp_mean_std,rainfall_mm_sum,humidity_mean,humidity_std
2023,19.9013698630137,2.2,38.6,7.823160408534438,348.85,76.72630136986301,7.708911473451224
2024,20.148767123287673,3.1,36.5,7.606610764459625,365.8,77.28671232876712,7.238201896541776
